Record Id,Created Time,Contact Owner.id,Contact Owner,Lead Source,First Name,Last Name,Contact Name,Account Name.id,Account Name,Email,Department,Phone,Fax,Mobile,Email Opt Out,Created By.id,Created By,Modified By.id,Modified By,Modified Time,Salutation,Secondary Email,Currency,Exchange Rate,Last Activity Time,Mailing Street,Other Street,Mailing City,Other City,Mailing State,Other State,Mailing Zip,Other Zip,Description,Layout.id,Layout,Tag,Reporting To.id,Reporting To,Job Role,Job Description/Title,Extension,Contact Status,Data Processing Basis Details.id,Data Processing Basis,Data Source,Mailing Country-,Other Country-,Unsubscribed Mode,Unsubscribed Time,Territories,Email 2,First Visit,Visitor Score,Referrer,Average Time Spent (Minutes),Most Recent Visit,First Page Visited,Number Of Chats,Days Visited,Change Log Time,TTL Contact For,TTL Relationship Owner,Customer Type,Market Segments,Colour Products Owned,Locked,Last Enriched Time,Enrich Status,Working Location,Chemical Agreement,TIPL Test,Lead Source Description,TIPL - Exhibition,Temp Currency Update,Lead Tag,Connected To.module,Connected To.id
DUPC014,2025-01-05 11:00:00,CO1,Alice Johnson,Web,Seraa,Smyth,Sera Smyth,A001,HydroTech,sera_smyth@hydrotech.com,Engineering,555-0278,,555-0278,False,C1,System,M1,System,2025-01-05 12:00:00,Mr,,USD,1.0,2025-01-05 11:30:00,123 Main St,,Metropolis,,NY,,10001,,Main contact for AquaPure,L1,Default,Primary,,,Engineer,Engineer Lead,101,Active,DP1,Consent,Import,USA,,,,North,,2025-01-05,55,Google,7,2025-01-05,/home,2,3,2025-01-05 11:45:00,RelOwner1,Owner1,B2B,SegmentA,Yes,No,2025-01-05 12:00:00,Complete,NY HQ,Yes,No,Website signup,No,No,Tag1,ModuleX,CT001
C054,2025-01-05 11:00:00,CO1,Alice Johnson,Web,Sara,Smith,Sara Smith,A001,WaterWorks,sara.smith@waterworks.com,Engineering,555-0240,,555-0240,False,C1,System,M1,System,2025-01-05 12:00:00,Mr,,USD,1.0,2025-01-05 11:30:00,123 Main St,,Metropolis,,NY,,10001,,Main contact for AquaPure,L1,Default,Primary,,,Engineer,Engineer Lead,101,Active,DP1,Consent,Import,USA,,,,North,,2025-01-05,55,Google,7,2025-01-05,/home,2,3,2025-01-05 11:45:00,RelOwner1,Owner1,B2B,SegmentA,Yes,No,2025-01-05 12:00:00,Complete,NY HQ,Yes,No,Website signup,No,No,Tag1,ModuleX,CT001
DUPC001,2025-01-05 11:00:00,CO1,Alice Johnson,Web,Jonathan,Smiith,Jonathan Smith,A001,HydroTech,jonathan_smith@hydrotech.com,Engineering,555-0274,,555-0274,False,C1,System,M1,System,2025-01-05 12:00:00,Mr,,USD,1.0,2025-01-05 11:30:00,123 Main St,,Metropolis,,NY,,10001,,Main contact for AquaPure,L1,Default,Primary,,,Engineer,Engineer Lead,101,Active,DP1,Consent,Import,USA,,,,North,,2025-01-05,55,Google,7,2025-01-05,/home,2,3,2025-01-05 11:45:00,RelOwner1,Owner1,B2B,SegmentA,Yes,No,2025-01-05 12:00:00,Complete,NY HQ,Yes,No,Website signup,No,No,Tag1,ModuleX,CT001
C046,2025-01-05 11:00:00,CO1,Alice Johnson,Web,Michael,Johnson,Michael Johnson,A001,HydroTech,michael.johnson@hydrotech.com,Engineering,555-0276,,555-0276,False,C1,System,M1,System,2025-01-05 12:00:00,Mr,,USD,1.0,2025-01-05 11:30:00,123 Main St,,Metropolis,,NY,,10001,,Main contact for AquaPure,L1,Default,Primary,,,Engineer,Engineer Lead,101,Active,DP1,Consent,Import,USA,,,,North,,2025-01-05,55,Google,7,2025-01-05,/home,2,3,2025-01-05 11:45:00,RelOwner1,Owner1,B2B,SegmentA,Yes,No,2025-01-05 12:00:00,Complete,NY HQ,Yes,No,Website signup,No,No,Tag1,ModuleX,CT001
C045,2025-01-05 11:00:00,CO1,Alice Johnson,Web,Michael,Johnson,Michael Johnson,A001,AquaPure Inc,michael.johnson@aquapureinc.com,Engineering,555-0283,,555-0283,False,C1,System,M1,System,2025-01-05 12:00:00,Mr,,USD,1.0,2025-01-05 11:30:00,123 Main St,,Metropolis,,NY,,10001,,Main contact for AquaPure,L1,Default,Primary,,,Engineer,Engineer Lead,101,Active,DP1,Consent,Import,USA,,,,North,,2025-01-05,55,Google,7,2025-01-05,/home,2,3,2025-01-05 11:45:00,RelOwner1,Owner1,B2B,SegmentA,Yes,No,2025-01-05 12:00:00,Complete,NY HQ,Yes,No,Website signup,No,No,Tag1,ModuleX,CT001
C040,2025-01-05 11:00:00,CO1,Alice Johnson,Web,Mike,Johnson,Mike Johnson,A001,HydroTech,mike.johnson@hydrotech.com,Engineering,555-0273,,555-0273,False,C1,System,M1,System,2025-01-05 12:00:00,Mr,,USD,1.0,2025-01-05 11:30:00,123 Main St,,Metropolis,,NY,,10001,,Main contact for AquaPure,L1,Default,Primary,,,Engineer,Engineer Lead,101,Active,DP1,Consent,Import,USA,,,,North,,2025-01-05,55,Google,7,2025-01-05,/home,2,3,2025-01-05 11:45:00,RelOwner1,Owner1,B2B,SegmentA,Yes,No,2025-01-05 12:00:00,Complete,NY HQ,Yes,No,Website signup,No,No,Tag1,ModuleX,CT001
C023,2025-01-05 11:00:00,CO1,Alice Johnson,Web,Sera,Smyth,Sera Smyth,A001,HydroTech,sera.smyth@hydrotech.com,Engineering,555-0278,,555-0278,False,C1,System,M1,System,2025-01-05 12:00:00,Mr,,USD,1.0,2025-01-05 11:30:00,123 Main St,,Metropolis,,NY,,10001,,Main contact for AquaPure,L1,Default,Primary,,,Engineer,Engineer Lead,101,Active,DP1,Consent,Import,USA,,,,North,,2025-01-05,55,Google,7,2025-01-05,/home,2,3,2025-01-05 11:45:00,RelOwner1,Owner1,B2B,SegmentA,Yes,No,2025-01-05 12:00:00,Complete,NY HQ,Yes,No,Website signup,No,No,Tag1,ModuleX,CT001
DUPC011,2025-01-05 11:00:00,CO1,Alice Johnson,Web,Michael,Smyths,Michael Smyth,A001,ClearFlow,michael_smyth@clearflow.com,Engineering,555-0278,,555-0278,False,C1,System,M1,System,2025-01-05 12:00:00,Mr,,USD,1.0,2025-01-05 11:30:00,123 Main St,,Metropolis,,NY,,10001,,Main contact for AquaPure,L1,Default,Primary,,,Engineer,Engineer Lead,101,Active,DP1,Consent,Import,USA,,,,North,,2025-01-05,55,Google,7,2025-01-05,/home,2,3,2025-01-05 11:45:00,RelOwner1,Owner1,B2B,SegmentA,Yes,No,2025-01-05 12:00:00,Complete,NY HQ,Yes,No,Website signup,No,No,Tag1,ModuleX,CT001
C011,2025-01-05 11:00:00,CO1,Alice Johnson,Web,Mike,Williams,Mike Williams,A001,BlueRiver,mike.williams@blueriver.com,Engineering,555-0233,,555-0233,False,C1,System,M1,System,2025-01-05 12:00:00,Mr,,USD,1.0,2025-01-05 11:30:00,123 Main St,,Metropolis,,NY,,10001,,Main contact for AquaPure,L1,Default,Primary,,,Engineer,Engineer Lead,101,Active,DP1,Consent,Import,USA,,,,North,,2025-01-05,55,Google,7,2025-01-05,/home,2,3,2025-01-05 11:45:00,RelOwner1,Owner1,B2B,SegmentA,Yes,No,2025-01-05 12:00:00,Complete,NY HQ,Yes,No,Website signup,No,No,Tag1,ModuleX,CT001
C001,2025-01-05 11:00:00,CO1,Alice Johnson,Web,Micheal,Wiliams,Micheal Wiliams,A001,AquaPure Inc,micheal.wiliams@aquapureinc.com,Engineering,555-0272,,555-0272,False,C1,System,M1,System,2025-01-05 12:00:00,Mr,,USD,1.0,2025-01-05 11:30:00,123 Main St,,Metropolis,,NY,,10001,,Main contact for AquaPure,L1,Default,Primary,,,Engineer,Engineer Lead,101,Active,DP1,Consent,Import,USA,,,,North,,2025-01-05,55,Google,7,2025-01-05,/home,2,3,2025-01-05 11:45:00,RelOwner1,Owner1,B2B,SegmentA,Yes,No,2025-01-05 12:00:00,Complete,NY HQ,Yes,No,Website signup,No,No,Tag1,ModuleX,CT001
C019,2025-01-05 11:00:00,CO1,Alice Johnson,Web,Sarah,Smith,Sarah Smith,A001,BlueRiver,sarah.smith@blueriver.com,Engineering,555-0260,,555-0260,False,C1,System,M1,System,2025-01-05 12:00:00,Mr,,USD,1.0,2025-01-05 11:30:00,123 Main St,,Metropolis,,NY,,10001,,Main contact for AquaPure,L1,Default,Primary,,,Engineer,Engineer Lead,101,Active,DP1,Consent,Import,USA,,,,North,,2025-01-05,55,Google,7,2025-01-05,/home,2,3,2025-01-05 11:45:00,RelOwner1,Owner1,B2B,SegmentA,Yes,No,2025-01-05 12:00:00,Complete,NY HQ,Yes,No,Website signup,No,No,Tag1,ModuleX,CT001
C031,2025-01-05 11:00:00,CO1,Alice Johnson,Web,Michael,Wiliams,Michael Wiliams,A001,ClearFlow,michael.wiliams@clearflow.com,Engineering,555-0276,,555-0276,False,C1,System,M1,System,2025-01-05 12:00:00,Mr,,USD,1.0,2025-01-05 11:30:00,123 Main St,,Metropolis,,NY,,10001,,Main contact for AquaPure,L1,Default,Primary,,,Engineer,Engineer Lead,101,Active,DP1,Consent,Import,USA,,,,North,,2025-01-05,55,Google,7,2025-01-05,/home,2,3,2025-01-05 11:45:00,RelOwner1,Owner1,B2B,SegmentA,Yes,No,2025-01-05 12:00:00,Complete,NY HQ,Yes,No,Website signup,No,No,Tag1,ModuleX,CT001
DUPC004,2025-01-05 11:00:00,CO1,Alice Johnson,Web,Saaraa,Smith,Sara Smith,A001,AquaPure Inc,sara_smith@aquapureinc.com,Engineering,555-0258,,555-0258,False,C1,System,M1,System,2025-01-05 12:00:00,Mr,,USD,1.0,2025-01-05 11:30:00,123 Main St,,Metropolis,,NY,,10001,,Main contact for AquaPure,L1,Default,Primary,,,Engineer,Engineer Lead,101,Active,DP1,Consent,Import,USA,,,,North,,2025-01-05,55,Google,7,2025-01-05,/home,2,3,2025-01-05 11:45:00,RelOwner1,Owner1,B2B,SegmentA,Yes,No,2025-01-05 12:00:00,Complete,NY HQ,Yes,No,Website signup,No,No,Tag1,ModuleX,CT001
C034,2025-01-05 11:00:00,CO1,Alice Johnson,Web,Micheal,Smyth,Micheal Smyth,A001,WaterWorks,micheal.smyth@waterworks.com,Engineering,555-0248,,555-0248,False,C1,System,M1,System,2025-01-05 12:00:00,Mr,,USD,1.0,2025-01-05 11:30:00,123 Main St,,Metropolis,,NY,,10001,,Main contact for AquaPure,L1,Default,Primary,,,Engineer,Engineer Lead,101,Active,DP1,Consent,Import,USA,,,,North,,2025-01-05,55,Google,7,2025-01-05,/home,2,3,2025-01-05 11:45:00,RelOwner1,Owner1,B2B,SegmentA,Yes,No,2025-01-05 12:00:00,Complete,NY HQ,Yes,No,Website signup,No,No,Tag1,ModuleX,CT001
DUPC021,2025-01-05 11:00:00,CO1,Alice Johnson,Web,Mikeh,Williams,Mike Williams,A001,WaterWorks,mike_williams@waterworks.com,Engineering,555-0219,,555-0219,False,C1,System,M1,System,2025-01-05 12:00:00,Mr,,USD,1.0,2025-01-05 11:30:00,123 Main St,,Metropolis,,NY,,10001,,Main contact for AquaPure,L1,Default,Primary,,,Engineer,Engineer Lead,101,Active,DP1,Consent,Import,USA,,,,North,,2025-01-05,55,Google,7,2025-01-05,/home,2,3,2025-01-05 11:45:00,RelOwner1,Owner1,B2B,SegmentA,Yes,No,2025-01-05 12:00:00,Complete,NY HQ,Yes,No,Website signup,No,No,Tag1,ModuleX,CT001
C005,2025-01-05 11:00:00,CO1,Alice Johnson,Web,John,Smyth,John Smyth,A001,HydroTech,john.smyth@hydrotech.com,Engineering,555-0272,,555-0272,False,C1,System,M1,System,2025-01-05 12:00:00,Mr,,USD,1.0,2025-01-05 11:30:00,123 Main St,,Metropolis,,NY,,10001,,Main contact for AquaPure,L1,Default,Primary,,,Engineer,Engineer Lead,101,Active,DP1,Consent,Import,USA,,,,North,,2025-01-05,55,Google,7,2025-01-05,/home,2,3,2025-01-05 11:45:00,RelOwner1,Owner1,B2B,SegmentA,Yes,No,2025-01-05 12:00:00,Complete,NY HQ,Yes,No,Website signup,No,No,Tag1,ModuleX,CT001
DUPC007,2025-01-05 11:00:00,CO1,Alice Johnson,Web,Saaraah,Smyth,Sarah Smyth,A001,HydroTech,sarah_smyth@hydrotech.com,Engineering,555-0298,,555-0298,False,C1,System,M1,System,2025-01-05 12:00:00,Mr,,USD,1.0,2025-01-05 11:30:00,123 Main St,,Metropolis,,NY,,10001,,Main contact for AquaPure,L1,Default,Primary,,,Engineer,Engineer Lead,101,Active,DP1,Consent,Import,USA,,,,North,,2025-01-05,55,Google,7,2025-01-05,/home,2,3,2025-01-05 11:45:00,RelOwner1,Owner1,B2B,SegmentA,Yes,No,2025-01-05 12:00:00,Complete,NY HQ,Yes,No,Website signup,No,No,Tag1,ModuleX,CT001
DUPC008,2025-01-05 11:00:00,CO1,Alice Johnson,Web,Michaael,Williams,Michael Williams,A001,AquaPure Inc,michael_williams@aquapureinc.com,Engineering,555-0255,,555-0255,False,C1,System,M1,System,2025-01-05 12:00:00,Mr,,USD,1.0,2025-01-05 11:30:00,123 Main St,,Metropolis,,NY,,10001,,Main contact for AquaPure,L1,Default,Primary,,,Engineer,Engineer Lead,101,Active,DP1,Consent,Import,USA,,,,North,,2025-01-05,55,Google,7,2025-01-05,/home,2,3,2025-01-05 11:45:00,RelOwner1,Owner1,B2B,SegmentA,Yes,No,2025-01-05 12:00:00,Complete,NY HQ,Yes,No,Website signup,No,No,Tag1,ModuleX,CT001
C013,2025-01-05 11:00:00,CO1,Alice Johnson,Web,Sara,Smith,Sara Smith,A001,AquaPure Inc,sara.smith@aquapureinc.com,Engineering,555-0258,,555-0258,False,C1,System,M1,System,2025-01-05 12:00:00,Mr,,USD,1.0,2025-01-05 11:30:00,123 Main St,,Metropolis,,NY,,10001,,Main contact for AquaPure,L1,Default,Primary,,,Engineer,Engineer Lead,101,Active,DP1,Consent,Import,USA,,,,North,,2025-01-05,55,Google,7,2025-01-05,/home,2,3,2025-01-05 11:45:00,RelOwner1,Owner1,B2B,SegmentA,Yes,No,2025-01-05 12:00:00,Complete,NY HQ,Yes,No,Website signup,No,No,Tag1,ModuleX,CT001
C032,2025-01-05 11:00:00,CO1,Alice Johnson,Web,Sarah,Smyth,Sarah Smyth,A001,HydroTech,sarah.smyth@hydrotech.com,Engineering,555-0298,,555-0298,False,C1,System,M1,System,2025-01-05 12:00:00,Mr,,USD,1.0,2025-01-05 11:30:00,123 Main St,,Metropolis,,NY,,10001,,Main contact for AquaPure,L1,Default,Primary,,,Engineer,Engineer Lead,101,Active,DP1,Consent,Import,USA,,,,North,,2025-01-05,55,Google,7,2025-01-05,/home,2,3,2025-01-05 11:45:00,RelOwner1,Owner1,B2B,SegmentA,Yes,No,2025-01-05 12:00:00,Complete,NY HQ,Yes,No,Website signup,No,No,Tag1,ModuleX,CT001
C056,2025-01-05 11:00:00,CO1,Alice Johnson,Web,Michael,Williams,Michael Williams,A001,ClearFlow,michael.williams@clearflow.com,Engineering,555-0221,,555-0221,False,C1,System,M1,System,2025-01-05 12:00:00,Mr,,USD,1.0,2025-01-05 11:30:00,123 Main St,,Metropolis,,NY,,10001,,Main contact for AquaPure,L1,Default,Primary,,,Engineer,Engineer Lead,101,Active,DP1,Consent,Import,USA,,,,North,,2025-01-05,55,Google,7,2025-01-05,/home,2,3,2025-01-05 11:45:00,RelOwner1,Owner1,B2B,SegmentA,Yes,No,2025-01-05 12:00:00,Complete,NY HQ,Yes,No,Website signup,No,No,Tag1,ModuleX,CT001
DUPC019,2025-01-05 11:00:00,CO1,Alice Johnson,Web,Saaraah,Williams,Sarah Williams,A001,HydroTech,sarah_williams@hydrotech.com,Engineering,555-0237,,555-0237,False,C1,System,M1,System,2025-01-05 12:00:00,Mr,,USD,1.0,2025-01-05 11:30:00,123 Main St,,Metropolis,,NY,,10001,,Main contact for AquaPure,L1,Default,Primary,,,Engineer,Engineer Lead,101,Active,DP1,Consent,Import,USA,,,,North,,2025-01-05,55,Google,7,2025-01-05,/home,2,3,2025-01-05 11:45:00,RelOwner1,Owner1,B2B,SegmentA,Yes,No,2025-01-05 12:00:00,Complete,NY HQ,Yes,No,Website signup,No,No,Tag1,ModuleX,CT001
C027,2025-01-05 11:00:00,CO1,Alice Johnson,Web,Michael,Johnson,Michael Johnson,A001,HydroTech,michael.johnson@hydrotech.com,Engineering,555-0270,,555-0270,False,C1,System,M1,System,2025-01-05 12:00:00,Mr,,USD,1.0,2025-01-05 11:30:00,123 Main St,,Metropolis,,NY,,10001,,Main contact for AquaPure,L1,Default,Primary,,,Engineer,Engineer Lead,101,Active,DP1,Consent,Import,USA,,,,North,,2025-01-05,55,Google,7,2025-01-05,/home,2,3,2025-01-05 11:45:00,RelOwner1,Owner1,B2B,SegmentA,Yes,No,2025-01-05 12:00:00,Complete,NY HQ,Yes,No,Website signup,No,No,Tag1,ModuleX,CT001
C043,2025-01-05 11:00:00,CO1,Alice Johnson,Web,Jonathan,Wiliams,Jonathan Wiliams,A001,AquaPure Inc,jonathan.wiliams@aquapureinc.com,Engineering,555-0218,,555-0218,False,C1,System,M1,System,2025-01-05 12:00:00,Mr,,USD,1.0,2025-01-05 11:30:00,123 Main St,,Metropolis,,NY,,10001,,Main contact for AquaPure,L1,Default,Primary,,,Engineer,Engineer Lead,101,Active,DP1,Consent,Import,USA,,,,North,,2025-01-05,55,Google,7,2025-01-05,/home,2,3,2025-01-05 11:45:00,RelOwner1,Owner1,B2B,SegmentA,Yes,No,2025-01-05 12:00:00,Complete,NY HQ,Yes,No,Website signup,No,No,Tag1,ModuleX,CT001
C070,2025-01-05 11:00:00,CO1,Alice Johnson,Web,Sera,Williams,Sera Williams,A001,ClearFlow,sera.williams@clearflow.com,Engineering,555-0292,,555-0292,False,C1,System,M1,System,2025-01-05 12:00:00,Mr,,USD,1.0,2025-01-05 11:30:00,123 Main St,,Metropolis,,NY,,10001,,Main contact for AquaPure,L1,Default,Primary,,,Engineer,Engineer Lead,101,Active,DP1,Consent,Import,USA,,,,North,,2025-01-05,55,Google,7,2025-01-05,/home,2,3,2025-01-05 11:45:00,RelOwner1,Owner1,B2B,SegmentA,Yes,No,2025-01-05 12:00:00,Complete,NY HQ,Yes,No,Website signup,No,No,Tag1,ModuleX,CT001
C016,2025-01-05 11:00:00,CO1,Alice Johnson,Web,Sara,Smith,Sara Smith,A001,BlueRiver,sara.smith@blueriver.com,Engineering,555-0216,,555-0216,False,C1,System,M1,System,2025-01-05 12:00:00,Mr,,USD,1.0,2025-01-05 11:30:00,123 Main St,,Metropolis,,NY,,10001,,Main contact for AquaPure,L1,Default,Primary,,,Engineer,Engineer Lead,101,Active,DP1,Consent,Import,USA,,,,North,,2025-01-05,55,Google,7,2025-01-05,/home,2,3,2025-01-05 11:45:00,RelOwner1,Owner1,B2B,SegmentA,Yes,No,2025-01-05 12:00:00,Complete,NY HQ,Yes,No,Website signup,No,No,Tag1,ModuleX,CT001
C041,2025-01-05 11:00:00,CO1,Alice Johnson,Web,Jonathan,Smyth,Jonathan Smyth,A001,AquaPure Inc,jonathan.smyth@aquapureinc.com,Engineering,555-0246,,555-0246,False,C1,System,M1,System,2025-01-05 12:00:00,Mr,,USD,1.0,2025-01-05 11:30:00,123 Main St,,Metropolis,,NY,,10001,,Main contact for AquaPure,L1,Default,Primary,,,Engineer,Engineer Lead,101,Active,DP1,Consent,Import,USA,,,,North,,2025-01-05,55,Google,7,2025-01-05,/home,2,3,2025-01-05 11:45:00,RelOwner1,Owner1,B2B,SegmentA,Yes,No,2025-01-05 12:00:00,Complete,NY HQ,Yes,No,Website signup,No,No,Tag1,ModuleX,CT001
DUPC027,2025-01-05 11:00:00,CO1,Alice Johnson,Web,Saaraa,Smith,Sara Smith,A001,BlueRiver,sara_smith@blueriver.com,Engineering,555-0216,,555-0216,False,C1,System,M1,System,2025-01-05 12:00:00,Mr,,USD,1.0,2025-01-05 11:30:00,123 Main St,,Metropolis,,NY,,10001,,Main contact for AquaPure,L1,Default,Primary,,,Engineer,Engineer Lead,101,Active,DP1,Consent,Import,USA,,,,North,,2025-01-05,55,Google,7,2025-01-05,/home,2,3,2025-01-05 11:45:00,RelOwner1,Owner1,B2B,SegmentA,Yes,No,2025-01-05 12:00:00,Complete,NY HQ,Yes,No,Website signup,No,No,Tag1,ModuleX,CT001
C010,2025-01-05 11:00:00,CO1,Alice Johnson,Web,Jon,Smyth,Jon Smyth,A001,WaterWorks,jon.smyth@waterworks.com,Engineering,555-0282,,555-0282,False,C1,System,M1,System,2025-01-05 12:00:00,Mr,,USD,1.0,2025-01-05 11:30:00,123 Main St,,Metropolis,,NY,,10001,,Main contact for AquaPure,L1,Default,Primary,,,Engineer,Engineer Lead,101,Active,DP1,Consent,Import,USA,,,,North,,2025-01-05,55,Google,7,2025-01-05,/home,2,3,2025-01-05 11:45:00,RelOwner1,Owner1,B2B,SegmentA,Yes,No,2025-01-05 12:00:00,Complete,NY HQ,Yes,No,Website signup,No,No,Tag1,ModuleX,CT001
DUPC003,2025-01-05 11:00:00,CO1,Alice Johnson,Web,Jonh,Johnson,Jon Johnson,A001,ClearFlow,jon_johnson@clearflow.com,Engineering,555-0222,,555-0222,False,C1,System,M1,System,2025-01-05 12:00:00,Mr,,USD,1.0,2025-01-05 11:30:00,123 Main St,,Metropolis,,NY,,10001,,Main contact for AquaPure,L1,Default,Primary,,,Engineer,Engineer Lead,101,Active,DP1,Consent,Import,USA,,,,North,,2025-01-05,55,Google,7,2025-01-05,/home,2,3,2025-01-05 11:45:00,RelOwner1,Owner1,B2B,SegmentA,Yes,No,2025-01-05 12:00:00,Complete,NY HQ,Yes,No,Website signup,No,No,Tag1,ModuleX,CT001
C012,2025-01-05 11:00:00,CO1,Alice Johnson,Web,Sara,Johnson,Sara Johnson,A001,HydroTech,sara.johnson@hydrotech.com,Engineering,555-0272,,555-0272,False,C1,System,M1,System,2025-01-05 12:00:00,Mr,,USD,1.0,2025-01-05 11:30:00,123 Main St,,Metropolis,,NY,,10001,,Main contact for AquaPure,L1,Default,Primary,,,Engineer,Engineer Lead,101,Active,DP1,Consent,Import,USA,,,,North,,2025-01-05,55,Google,7,2025-01-05,/home,2,3,2025-01-05 11:45:00,RelOwner1,Owner1,B2B,SegmentA,Yes,No,2025-01-05 12:00:00,Complete,NY HQ,Yes,No,Website signup,No,No,Tag1,ModuleX,CT001
C048,2025-01-05 11:00:00,CO1,Alice Johnson,Web,Jonathan,Johnson,Jonathan Johnson,A001,ClearFlow,jonathan.johnson@clearflow.com,Engineering,555-0228,,555-0228,False,C1,System,M1,System,2025-01-05 12:00:00,Mr,,USD,1.0,2025-01-05 11:30:00,123 Main St,,Metropolis,,NY,,10001,,Main contact for AquaPure,L1,Default,Primary,,,Engineer,Engineer Lead,101,Active,DP1,Consent,Import,USA,,,,North,,2025-01-05,55,Google,7,2025-01-05,/home,2,3,2025-01-05 11:45:00,RelOwner1,Owner1,B2B,SegmentA,Yes,No,2025-01-05 12:00:00,Complete,NY HQ,Yes,No,Website signup,No,No,Tag1,ModuleX,CT001
DUPC016,2025-01-05 11:00:00,CO1,Alice Johnson,Web,Saaraa,Smith,Sara Smith,A001,BlueRiver,sara_smith@blueriver.com,Engineering,555-0233,,555-0233,False,C1,System,M1,System,2025-01-05 12:00:00,Mr,,USD,1.0,2025-01-05 11:30:00,123 Main St,,Metropolis,,NY,,10001,,Main contact for AquaPure,L1,Default,Primary,,,Engineer,Engineer Lead,101,Active,DP1,Consent,Import,USA,,,,North,,2025-01-05,55,Google,7,2025-01-05,/home,2,3,2025-01-05 11:45:00,RelOwner1,Owner1,B2B,SegmentA,Yes,No,2025-01-05 12:00:00,Complete,NY HQ,Yes,No,Website signup,No,No,Tag1,ModuleX,CT001
C029,2025-01-05 11:00:00,CO1,Alice Johnson,Web,Mike,Williams,Mike Williams,A001,WaterWorks,mike.williams@waterworks.com,Engineering,555-0211,,555-0211,False,C1,System,M1,System,2025-01-05 12:00:00,Mr,,USD,1.0,2025-01-05 11:30:00,123 Main St,,Metropolis,,NY,,10001,,Main contact for AquaPure,L1,Default,Primary,,,Engineer,Engineer Lead,101,Active,DP1,Consent,Import,USA,,,,North,,2025-01-05,55,Google,7,2025-01-05,/home,2,3,2025-01-05 11:45:00,RelOwner1,Owner1,B2B,SegmentA,Yes,No,2025-01-05 12:00:00,Complete,NY HQ,Yes,No,Website signup,No,No,Tag1,ModuleX,CT001
DUPC024,2025-01-05 11:00:00,CO1,Alice Johnson,Web,Seraa,Williams,Sera Williams,A001,ClearFlow,sera_williams@clearflow.com,Engineering,555-0292,,555-0292,False,C1,System,M1,System,2025-01-05 12:00:00,Mr,,USD,1.0,2025-01-05 11:30:00,123 Main St,,Metropolis,,NY,,10001,,Main contact for AquaPure,L1,Default,Primary,,,Engineer,Engineer Lead,101,Active,DP1,Consent,Import,USA,,,,North,,2025-01-05,55,Google,7,2025-01-05,/home,2,3,2025-01-05 11:45:00,RelOwner1,Owner1,B2B,SegmentA,Yes,No,2025-01-05 12:00:00,Complete,NY HQ,Yes,No,Website signup,No,No,Tag1,ModuleX,CT001
C006,2025-01-05 11:00:00,CO1,Alice Johnson,Web,Sarah,Smith,Sarah Smith,A001,AquaPure Inc,sarah.smith@aquapureinc.com,Engineering,555-0253,,555-0253,False,C1,System,M1,System,2025-01-05 12:00:00,Mr,,USD,1.0,2025-01-05 11:30:00,123 Main St,,Metropolis,,NY,,10001,,Main contact for AquaPure,L1,Default,Primary,,,Engineer,Engineer Lead,101,Active,DP1,Consent,Import,USA,,,,North,,2025-01-05,55,Google,7,2025-01-05,/home,2,3,2025-01-05 11:45:00,RelOwner1,Owner1,B2B,SegmentA,Yes,No,2025-01-05 12:00:00,Complete,NY HQ,Yes,No,Website signup,No,No,Tag1,ModuleX,CT001
C067,2025-01-05 11:00:00,CO1,Alice Johnson,Web,Michael,Williams,Michael Williams,A001,AquaPure Inc,michael.williams@aquapureinc.com,Engineering,555-0255,,555-0255,False,C1,System,M1,System,2025-01-05 12:00:00,Mr,,USD,1.0,2025-01-05 11:30:00,123 Main St,,Metropolis,,NY,,10001,,Main contact for AquaPure,L1,Default,Primary,,,Engineer,Engineer Lead,101,Active,DP1,Consent,Import,USA,,,,North,,2025-01-05,55,Google,7,2025-01-05,/home,2,3,2025-01-05 11:45:00,RelOwner1,Owner1,B2B,SegmentA,Yes,No,2025-01-05 12:00:00,Complete,NY HQ,Yes,No,Website signup,No,No,Tag1,ModuleX,CT001
C066,2025-01-05 11:00:00,CO1,Alice Johnson,Web,Jonathan,Smith,Jonathan Smith,A001,HydroTech,jonathan.smith@hydrotech.com,Engineering,555-0274,,555-0274,False,C1,System,M1,System,2025-01-05 12:00:00,Mr,,USD,1.0,2025-01-05 11:30:00,123 Main St,,Metropolis,,NY,,10001,,Main contact for AquaPure,L1,Default,Primary,,,Engineer,Engineer Lead,101,Active,DP1,Consent,Import,USA,,,,North,,2025-01-05,55,Google,7,2025-01-05,/home,2,3,2025-01-05 11:45:00,RelOwner1,Owner1,B2B,SegmentA,Yes,No,2025-01-05 12:00:00,Complete,NY HQ,Yes,No,Website signup,No,No,Tag1,ModuleX,CT001
C036,2025-01-05 11:00:00,CO1,Alice Johnson,Web,Mike,Smith,Mike Smith,A001,WaterWorks,mike.smith@waterworks.com,Engineering,555-0299,,555-0299,False,C1,System,M1,System,2025-01-05 12:00:00,Mr,,USD,1.0,2025-01-05 11:30:00,123 Main St,,Metropolis,,NY,,10001,,Main contact for AquaPure,L1,Default,Primary,,,Engineer,Engineer Lead,101,Active,DP1,Consent,Import,USA,,,,North,,2025-01-05,55,Google,7,2025-01-05,/home,2,3,2025-01-05 11:45:00,RelOwner1,Owner1,B2B,SegmentA,Yes,No,2025-01-05 12:00:00,Complete,NY HQ,Yes,No,Website signup,No,No,Tag1,ModuleX,CT001
C017,2025-01-05 11:00:00,CO1,Alice Johnson,Web,Micheal,Jonson,Micheal Jonson,A001,HydroTech,micheal.jonson@hydrotech.com,Engineering,555-0267,,555-0267,False,C1,System,M1,System,2025-01-05 12:00:00,Mr,,USD,1.0,2025-01-05 11:30:00,123 Main St,,Metropolis,,NY,,10001,,Main contact for AquaPure,L1,Default,Primary,,,Engineer,Engineer Lead,101,Active,DP1,Consent,Import,USA,,,,North,,2025-01-05,55,Google,7,2025-01-05,/home,2,3,2025-01-05 11:45:00,RelOwner1,Owner1,B2B,SegmentA,Yes,No,2025-01-05 12:00:00,Complete,NY HQ,Yes,No,Website signup,No,No,Tag1,ModuleX,CT001
C050,2025-01-05 11:00:00,CO1,Alice Johnson,Web,Mike,Smith,Mike Smith,A001,HydroTech,mike.smith@hydrotech.com,Engineering,555-0272,,555-0272,False,C1,System,M1,System,2025-01-05 12:00:00,Mr,,USD,1.0,2025-01-05 11:30:00,123 Main St,,Metropolis,,NY,,10001,,Main contact for AquaPure,L1,Default,Primary,,,Engineer,Engineer Lead,101,Active,DP1,Consent,Import,USA,,,,North,,2025-01-05,55,Google,7,2025-01-05,/home,2,3,2025-01-05 11:45:00,RelOwner1,Owner1,B2B,SegmentA,Yes,No,2025-01-05 12:00:00,Complete,NY HQ,Yes,No,Website signup,No,No,Tag1,ModuleX,CT001
C035,2025-01-05 11:00:00,CO1,Alice Johnson,Web,Michael,Jonson,Michael Jonson,A001,AquaPure Inc,michael.jonson@aquapureinc.com,Engineering,555-0276,,555-0276,False,C1,System,M1,System,2025-01-05 12:00:00,Mr,,USD,1.0,2025-01-05 11:30:00,123 Main St,,Metropolis,,NY,,10001,,Main contact for AquaPure,L1,Default,Primary,,,Engineer,Engineer Lead,101,Active,DP1,Consent,Import,USA,,,,North,,2025-01-05,55,Google,7,2025-01-05,/home,2,3,2025-01-05 11:45:00,RelOwner1,Owner1,B2B,SegmentA,Yes,No,2025-01-05 12:00:00,Complete,NY HQ,Yes,No,Website signup,No,No,Tag1,ModuleX,CT001
C008,2025-01-05 11:00:00,CO1,Alice Johnson,Web,Michael,Johnson,Michael Johnson,A001,BlueRiver,michael.johnson@blueriver.com,Engineering,555-0284,,555-0284,False,C1,System,M1,System,2025-01-05 12:00:00,Mr,,USD,1.0,2025-01-05 11:30:00,123 Main St,,Metropolis,,NY,,10001,,Main contact for AquaPure,L1,Default,Primary,,,Engineer,Engineer Lead,101,Active,DP1,Consent,Import,USA,,,,North,,2025-01-05,55,Google,7,2025-01-05,/home,2,3,2025-01-05 11:45:00,RelOwner1,Owner1,B2B,SegmentA,Yes,No,2025-01-05 12:00:00,Complete,NY HQ,Yes,No,Website signup,No,No,Tag1,ModuleX,CT001
DUPC026,2025-01-05 11:00:00,CO1,Alice Johnson,Web,Micheal,Wiiliiams,Micheal Wiliams,A001,AquaPure Inc,micheal_wiliams@aquapureinc.com,Engineering,555-0272,,555-0272,False,C1,System,M1,System,2025-01-05 12:00:00,Mr,,USD,1.0,2025-01-05 11:30:00,123 Main St,,Metropolis,,NY,,10001,,Main contact for AquaPure,L1,Default,Primary,,,Engineer,Engineer Lead,101,Active,DP1,Consent,Import,USA,,,,North,,2025-01-05,55,Google,7,2025-01-05,/home,2,3,2025-01-05 11:45:00,RelOwner1,Owner1,B2B,SegmentA,Yes,No,2025-01-05 12:00:00,Complete,NY HQ,Yes,No,Website signup,No,No,Tag1,ModuleX,CT001
C028,2025-01-05 11:00:00,CO1,Alice Johnson,Web,Mike,Williams,Mike Williams,A001,WaterWorks,mike.williams@waterworks.com,Engineering,555-0219,,555-0219,False,C1,System,M1,System,2025-01-05 12:00:00,Mr,,USD,1.0,2025-01-05 11:30:00,123 Main St,,Metropolis,,NY,,10001,,Main contact for AquaPure,L1,Default,Primary,,,Engineer,Engineer Lead,101,Active,DP1,Consent,Import,USA,,,,North,,2025-01-05,55,Google,7,2025-01-05,/home,2,3,2025-01-05 11:45:00,RelOwner1,Owner1,B2B,SegmentA,Yes,No,2025-01-05 12:00:00,Complete,NY HQ,Yes,No,Website signup,No,No,Tag1,ModuleX,CT001
C020,2025-01-05 11:00:00,CO1,Alice Johnson,Web,Jonathan,Smyth,Jonathan Smyth,A001,WaterWorks,jonathan.smyth@waterworks.com,Engineering,555-0216,,555-0216,False,C1,System,M1,System,2025-01-05 12:00:00,Mr,,USD,1.0,2025-01-05 11:30:00,123 Main St,,Metropolis,,NY,,10001,,Main contact for AquaPure,L1,Default,Primary,,,Engineer,Engineer Lead,101,Active,DP1,Consent,Import,USA,,,,North,,2025-01-05,55,Google,7,2025-01-05,/home,2,3,2025-01-05 11:45:00,RelOwner1,Owner1,B2B,SegmentA,Yes,No,2025-01-05 12:00:00,Complete,NY HQ,Yes,No,Website signup,No,No,Tag1,ModuleX,CT001
DUPC012,2025-01-05 11:00:00,CO1,Alice Johnson,Web,Mikeh,Smyth,Mike Smyth,A001,HydroTech,mike_smyth@hydrotech.com,Engineering,555-0224,,555-0224,False,C1,System,M1,System,2025-01-05 12:00:00,Mr,,USD,1.0,2025-01-05 11:30:00,123 Main St,,Metropolis,,NY,,10001,,Main contact for AquaPure,L1,Default,Primary,,,Engineer,Engineer Lead,101,Active,DP1,Consent,Import,USA,,,,North,,2025-01-05,55,Google,7,2025-01-05,/home,2,3,2025-01-05 11:45:00,RelOwner1,Owner1,B2B,SegmentA,Yes,No,2025-01-05 12:00:00,Complete,NY HQ,Yes,No,Website signup,No,No,Tag1,ModuleX,CT001
C026,2025-01-05 11:00:00,CO1,Alice Johnson,Web,Mike,Smyth,Mike Smyth,A001,HydroTech,mike.smyth@hydrotech.com,Engineering,555-0216,,555-0216,False,C1,System,M1,System,2025-01-05 12:00:00,Mr,,USD,1.0,2025-01-05 11:30:00,123 Main St,,Metropolis,,NY,,10001,,Main contact for AquaPure,L1,Default,Primary,,,Engineer,Engineer Lead,101,Active,DP1,Consent,Import,USA,,,,North,,2025-01-05,55,Google,7,2025-01-05,/home,2,3,2025-01-05 11:45:00,RelOwner1,Owner1,B2B,SegmentA,Yes,No,2025-01-05 12:00:00,Complete,NY HQ,Yes,No,Website signup,No,No,Tag1,ModuleX,CT001
C063,2025-01-05 11:00:00,CO1,Alice Johnson,Web,Micheal,Williams,Micheal Williams,A001,AquaPure Inc,micheal.williams@aquapureinc.com,Engineering,555-0277,,555-0277,False,C1,System,M1,System,2025-01-05 12:00:00,Mr,,USD,1.0,2025-01-05 11:30:00,123 Main St,,Metropolis,,NY,,10001,,Main contact for AquaPure,L1,Default,Primary,,,Engineer,Engineer Lead,101,Active,DP1,Consent,Import,USA,,,,North,,2025-01-05,55,Google,7,2025-01-05,/home,2,3,2025-01-05 11:45:00,RelOwner1,Owner1,B2B,SegmentA,Yes,No,2025-01-05 12:00:00,Complete,NY HQ,Yes,No,Website signup,No,No,Tag1,ModuleX,CT001
C014,2025-01-05 11:00:00,CO1,Alice Johnson,Web,Michael,Smyth,Michael Smyth,A001,ClearFlow,michael.smyth@clearflow.com,Engineering,555-0278,,555-0278,False,C1,System,M1,System,2025-01-05 12:00:00,Mr,,USD,1.0,2025-01-05 11:30:00,123 Main St,,Metropolis,,NY,,10001,,Main contact for AquaPure,L1,Default,Primary,,,Engineer,Engineer Lead,101,Active,DP1,Consent,Import,USA,,,,North,,2025-01-05,55,Google,7,2025-01-05,/home,2,3,2025-01-05 11:45:00,RelOwner1,Owner1,B2B,SegmentA,Yes,No,2025-01-05 12:00:00,Complete,NY HQ,Yes,No,Website signup,No,No,Tag1,ModuleX,CT001
C025,2025-01-05 11:00:00,CO1,Alice Johnson,Web,Jon,Johnson,Jon Johnson,A001,ClearFlow,jon.johnson@clearflow.com,Engineering,555-0222,,555-0222,False,C1,System,M1,System,2025-01-05 12:00:00,Mr,,USD,1.0,2025-01-05 11:30:00,123 Main St,,Metropolis,,NY,,10001,,Main contact for AquaPure,L1,Default,Primary,,,Engineer,Engineer Lead,101,Active,DP1,Consent,Import,USA,,,,North,,2025-01-05,55,Google,7,2025-01-05,/home,2,3,2025-01-05 11:45:00,RelOwner1,Owner1,B2B,SegmentA,Yes,No,2025-01-05 12:00:00,Complete,NY HQ,Yes,No,Website signup,No,No,Tag1,ModuleX,CT001
C004,2025-01-05 11:00:00,CO1,Alice Johnson,Web,Sarah,Smith,Sarah Smith,A001,HydroTech,sarah.smith@hydrotech.com,Engineering,555-0289,,555-0289,False,C1,System,M1,System,2025-01-05 12:00:00,Mr,,USD,1.0,2025-01-05 11:30:00,123 Main St,,Metropolis,,NY,,10001,,Main contact for AquaPure,L1,Default,Primary,,,Engineer,Engineer Lead,101,Active,DP1,Consent,Import,USA,,,,North,,2025-01-05,55,Google,7,2025-01-05,/home,2,3,2025-01-05 11:45:00,RelOwner1,Owner1,B2B,SegmentA,Yes,No,2025-01-05 12:00:00,Complete,NY HQ,Yes,No,Website signup,No,No,Tag1,ModuleX,CT001
C018,2025-01-05 11:00:00,CO1,Alice Johnson,Web,Sara,Johnson,Sara Johnson,A001,WaterWorks,sara.johnson@waterworks.com,Engineering,555-0229,,555-0229,False,C1,System,M1,System,2025-01-05 12:00:00,Mr,,USD,1.0,2025-01-05 11:30:00,123 Main St,,Metropolis,,NY,,10001,,Main contact for AquaPure,L1,Default,Primary,,,Engineer,Engineer Lead,101,Active,DP1,Consent,Import,USA,,,,North,,2025-01-05,55,Google,7,2025-01-05,/home,2,3,2025-01-05 11:45:00,RelOwner1,Owner1,B2B,SegmentA,Yes,No,2025-01-05 12:00:00,Complete,NY HQ,Yes,No,Website signup,No,No,Tag1,ModuleX,CT001
C039,2025-01-05 11:00:00,CO1,Alice Johnson,Web,Sara,Smyth,Sara Smyth,A001,ClearFlow,sara.smyth@clearflow.com,Engineering,555-0299,,555-0299,False,C1,System,M1,System,2025-01-05 12:00:00,Mr,,USD,1.0,2025-01-05 11:30:00,123 Main St,,Metropolis,,NY,,10001,,Main contact for AquaPure,L1,Default,Primary,,,Engineer,Engineer Lead,101,Active,DP1,Consent,Import,USA,,,,North,,2025-01-05,55,Google,7,2025-01-05,/home,2,3,2025-01-05 11:45:00,RelOwner1,Owner1,B2B,SegmentA,Yes,No,2025-01-05 12:00:00,Complete,NY HQ,Yes,No,Website signup,No,No,Tag1,ModuleX,CT001
C009,2025-01-05 11:00:00,CO1,Alice Johnson,Web,Sara,Wiliams,Sara Wiliams,A001,WaterWorks,sara.wiliams@waterworks.com,Engineering,555-0245,,555-0245,False,C1,System,M1,System,2025-01-05 12:00:00,Mr,,USD,1.0,2025-01-05 11:30:00,123 Main St,,Metropolis,,NY,,10001,,Main contact for AquaPure,L1,Default,Primary,,,Engineer,Engineer Lead,101,Active,DP1,Consent,Import,USA,,,,North,,2025-01-05,55,Google,7,2025-01-05,/home,2,3,2025-01-05 11:45:00,RelOwner1,Owner1,B2B,SegmentA,Yes,No,2025-01-05 12:00:00,Complete,NY HQ,Yes,No,Website signup,No,No,Tag1,ModuleX,CT001
DUPC009,2025-01-05 11:00:00,CO1,Alice Johnson,Web,Mike,Wiiliiams,Mike Wiliams,A001,WaterWorks,mike_wiliams@waterworks.com,Engineering,555-0274,,555-0274,False,C1,System,M1,System,2025-01-05 12:00:00,Mr,,USD,1.0,2025-01-05 11:30:00,123 Main St,,Metropolis,,NY,,10001,,Main contact for AquaPure,L1,Default,Primary,,,Engineer,Engineer Lead,101,Active,DP1,Consent,Import,USA,,,,North,,2025-01-05,55,Google,7,2025-01-05,/home,2,3,2025-01-05 11:45:00,RelOwner1,Owner1,B2B,SegmentA,Yes,No,2025-01-05 12:00:00,Complete,NY HQ,Yes,No,Website signup,No,No,Tag1,ModuleX,CT001
C007,2025-01-05 11:00:00,CO1,Alice Johnson,Web,Mike,Wiliams,Mike Wiliams,A001,WaterWorks,mike.wiliams@waterworks.com,Engineering,555-0274,,555-0274,False,C1,System,M1,System,2025-01-05 12:00:00,Mr,,USD,1.0,2025-01-05 11:30:00,123 Main St,,Metropolis,,NY,,10001,,Main contact for AquaPure,L1,Default,Primary,,,Engineer,Engineer Lead,101,Active,DP1,Consent,Import,USA,,,,North,,2025-01-05,55,Google,7,2025-01-05,/home,2,3,2025-01-05 11:45:00,RelOwner1,Owner1,B2B,SegmentA,Yes,No,2025-01-05 12:00:00,Complete,NY HQ,Yes,No,Website signup,No,No,Tag1,ModuleX,CT001
C065,2025-01-05 11:00:00,CO1,Alice Johnson,Web,Mike,Jonson,Mike Jonson,A001,AquaPure Inc,mike.jonson@aquapureinc.com,Engineering,555-0294,,555-0294,False,C1,System,M1,System,2025-01-05 12:00:00,Mr,,USD,1.0,2025-01-05 11:30:00,123 Main St,,Metropolis,,NY,,10001,,Main contact for AquaPure,L1,Default,Primary,,,Engineer,Engineer Lead,101,Active,DP1,Consent,Import,USA,,,,North,,2025-01-05,55,Google,7,2025-01-05,/home,2,3,2025-01-05 11:45:00,RelOwner1,Owner1,B2B,SegmentA,Yes,No,2025-01-05 12:00:00,Complete,NY HQ,Yes,No,Website signup,No,No,Tag1,ModuleX,CT001
C037,2025-01-05 11:00:00,CO1,Alice Johnson,Web,Sarah,Smith,Sarah Smith,A001,ClearFlow,sarah.smith@clearflow.com,Engineering,555-0294,,555-0294,False,C1,System,M1,System,2025-01-05 12:00:00,Mr,,USD,1.0,2025-01-05 11:30:00,123 Main St,,Metropolis,,NY,,10001,,Main contact for AquaPure,L1,Default,Primary,,,Engineer,Engineer Lead,101,Active,DP1,Consent,Import,USA,,,,North,,2025-01-05,55,Google,7,2025-01-05,/home,2,3,2025-01-05 11:45:00,RelOwner1,Owner1,B2B,SegmentA,Yes,No,2025-01-05 12:00:00,Complete,NY HQ,Yes,No,Website signup,No,No,Tag1,ModuleX,CT001
DUPC020,2025-01-05 11:00:00,CO1,Alice Johnson,Web,Jonaathaan,Smyth,Jonathan Smyth,A001,AquaPure Inc,jonathan_smyth@aquapureinc.com,Engineering,555-0246,,555-0246,False,C1,System,M1,System,2025-01-05 12:00:00,Mr,,USD,1.0,2025-01-05 11:30:00,123 Main St,,Metropolis,,NY,,10001,,Main contact for AquaPure,L1,Default,Primary,,,Engineer,Engineer Lead,101,Active,DP1,Consent,Import,USA,,,,North,,2025-01-05,55,Google,7,2025-01-05,/home,2,3,2025-01-05 11:45:00,RelOwner1,Owner1,B2B,SegmentA,Yes,No,2025-01-05 12:00:00,Complete,NY HQ,Yes,No,Website signup,No,No,Tag1,ModuleX,CT001
C057,2025-01-05 11:00:00,CO1,Alice Johnson,Web,Sarah,Williams,Sarah Williams,A001,HydroTech,sarah.williams@hydrotech.com,Engineering,555-0237,,555-0237,False,C1,System,M1,System,2025-01-05 12:00:00,Mr,,USD,1.0,2025-01-05 11:30:00,123 Main St,,Metropolis,,NY,,10001,,Main contact for AquaPure,L1,Default,Primary,,,Engineer,Engineer Lead,101,Active,DP1,Consent,Import,USA,,,,North,,2025-01-05,55,Google,7,2025-01-05,/home,2,3,2025-01-05 11:45:00,RelOwner1,Owner1,B2B,SegmentA,Yes,No,2025-01-05 12:00:00,Complete,NY HQ,Yes,No,Website signup,No,No,Tag1,ModuleX,CT001
DUPC030,2025-01-05 11:00:00,CO1,Alice Johnson,Web,Saaraah,Smith,Sarah Smith,A001,AquaPure Inc,sarah_smith@aquapureinc.com,Engineering,555-0272,,555-0272,False,C1,System,M1,System,2025-01-05 12:00:00,Mr,,USD,1.0,2025-01-05 11:30:00,123 Main St,,Metropolis,,NY,,10001,,Main contact for AquaPure,L1,Default,Primary,,,Engineer,Engineer Lead,101,Active,DP1,Consent,Import,USA,,,,North,,2025-01-05,55,Google,7,2025-01-05,/home,2,3,2025-01-05 11:45:00,RelOwner1,Owner1,B2B,SegmentA,Yes,No,2025-01-05 12:00:00,Complete,NY HQ,Yes,No,Website signup,No,No,Tag1,ModuleX,CT001
C055,2025-01-05 11:00:00,CO1,Alice Johnson,Web,John,Smith,John Smith,A001,BlueRiver,john.smith@blueriver.com,Engineering,555-0244,,555-0244,False,C1,System,M1,System,2025-01-05 12:00:00,Mr,,USD,1.0,2025-01-05 11:30:00,123 Main St,,Metropolis,,NY,,10001,,Main contact for AquaPure,L1,Default,Primary,,,Engineer,Engineer Lead,101,Active,DP1,Consent,Import,USA,,,,North,,2025-01-05,55,Google,7,2025-01-05,/home,2,3,2025-01-05 11:45:00,RelOwner1,Owner1,B2B,SegmentA,Yes,No,2025-01-05 12:00:00,Complete,NY HQ,Yes,No,Website signup,No,No,Tag1,ModuleX,CT001
C044,2025-01-05 11:00:00,CO1,Alice Johnson,Web,Micheal,Smyth,Micheal Smyth,A001,BlueRiver,micheal.smyth@blueriver.com,Engineering,555-0293,,555-0293,False,C1,System,M1,System,2025-01-05 12:00:00,Mr,,USD,1.0,2025-01-05 11:30:00,123 Main St,,Metropolis,,NY,,10001,,Main contact for AquaPure,L1,Default,Primary,,,Engineer,Engineer Lead,101,Active,DP1,Consent,Import,USA,,,,North,,2025-01-05,55,Google,7,2025-01-05,/home,2,3,2025-01-05 11:45:00,RelOwner1,Owner1,B2B,SegmentA,Yes,No,2025-01-05 12:00:00,Complete,NY HQ,Yes,No,Website signup,No,No,Tag1,ModuleX,CT001
C051,2025-01-05 11:00:00,CO1,Alice Johnson,Web,Sarah,Wiliams,Sarah Wiliams,A001,WaterWorks,sarah.wiliams@waterworks.com,Engineering,555-0234,,555-0234,False,C1,System,M1,System,2025-01-05 12:00:00,Mr,,USD,1.0,2025-01-05 11:30:00,123 Main St,,Metropolis,,NY,,10001,,Main contact for AquaPure,L1,Default,Primary,,,Engineer,Engineer Lead,101,Active,DP1,Consent,Import,USA,,,,North,,2025-01-05,55,Google,7,2025-01-05,/home,2,3,2025-01-05 11:45:00,RelOwner1,Owner1,B2B,SegmentA,Yes,No,2025-01-05 12:00:00,Complete,NY HQ,Yes,No,Website signup,No,No,Tag1,ModuleX,CT001
C068,2025-01-05 11:00:00,CO1,Alice Johnson,Web,Sara,Smyth,Sara Smyth,A001,WaterWorks,sara.smyth@waterworks.com,Engineering,555-0267,,555-0267,False,C1,System,M1,System,2025-01-05 12:00:00,Mr,,USD,1.0,2025-01-05 11:30:00,123 Main St,,Metropolis,,NY,,10001,,Main contact for AquaPure,L1,Default,Primary,,,Engineer,Engineer Lead,101,Active,DP1,Consent,Import,USA,,,,North,,2025-01-05,55,Google,7,2025-01-05,/home,2,3,2025-01-05 11:45:00,RelOwner1,Owner1,B2B,SegmentA,Yes,No,2025-01-05 12:00:00,Complete,NY HQ,Yes,No,Website signup,No,No,Tag1,ModuleX,CT001
C047,2025-01-05 11:00:00,CO1,Alice Johnson,Web,Jon,Smith,Jon Smith,A001,ClearFlow,jon.smith@clearflow.com,Engineering,555-0251,,555-0251,False,C1,System,M1,System,2025-01-05 12:00:00,Mr,,USD,1.0,2025-01-05 11:30:00,123 Main St,,Metropolis,,NY,,10001,,Main contact for AquaPure,L1,Default,Primary,,,Engineer,Engineer Lead,101,Active,DP1,Consent,Import,USA,,,,North,,2025-01-05,55,Google,7,2025-01-05,/home,2,3,2025-01-05 11:45:00,RelOwner1,Owner1,B2B,SegmentA,Yes,No,2025-01-05 12:00:00,Complete,NY HQ,Yes,No,Website signup,No,No,Tag1,ModuleX,CT001
C069,2025-01-05 11:00:00,CO1,Alice Johnson,Web,Sarah,Smith,Sarah Smith,A001,AquaPure Inc,sarah.smith@aquapureinc.com,Engineering,555-0272,,555-0272,False,C1,System,M1,System,2025-01-05 12:00:00,Mr,,USD,1.0,2025-01-05 11:30:00,123 Main St,,Metropolis,,NY,,10001,,Main contact for AquaPure,L1,Default,Primary,,,Engineer,Engineer Lead,101,Active,DP1,Consent,Import,USA,,,,North,,2025-01-05,55,Google,7,2025-01-05,/home,2,3,2025-01-05 11:45:00,RelOwner1,Owner1,B2B,SegmentA,Yes,No,2025-01-05 12:00:00,Complete,NY HQ,Yes,No,Website signup,No,No,Tag1,ModuleX,CT001
C062,2025-01-05 11:00:00,CO1,Alice Johnson,Web,John,Jonson,John Jonson,A001,BlueRiver,john.jonson@blueriver.com,Engineering,555-0295,,555-0295,False,C1,System,M1,System,2025-01-05 12:00:00,Mr,,USD,1.0,2025-01-05 11:30:00,123 Main St,,Metropolis,,NY,,10001,,Main contact for AquaPure,L1,Default,Primary,,,Engineer,Engineer Lead,101,Active,DP1,Consent,Import,USA,,,,North,,2025-01-05,55,Google,7,2025-01-05,/home,2,3,2025-01-05 11:45:00,RelOwner1,Owner1,B2B,SegmentA,Yes,No,2025-01-05 12:00:00,Complete,NY HQ,Yes,No,Website signup,No,No,Tag1,ModuleX,CT001
DUPC028,2025-01-05 11:00:00,CO1,Alice Johnson,Web,Saaraa,Wiliams,Sara Wiliams,A001,WaterWorks,sara_wiliams@waterworks.com,Engineering,555-0245,,555-0245,False,C1,System,M1,System,2025-01-05 12:00:00,Mr,,USD,1.0,2025-01-05 11:30:00,123 Main St,,Metropolis,,NY,,10001,,Main contact for AquaPure,L1,Default,Primary,,,Engineer,Engineer Lead,101,Active,DP1,Consent,Import,USA,,,,North,,2025-01-05,55,Google,7,2025-01-05,/home,2,3,2025-01-05 11:45:00,RelOwner1,Owner1,B2B,SegmentA,Yes,No,2025-01-05 12:00:00,Complete,NY HQ,Yes,No,Website signup,No,No,Tag1,ModuleX,CT001
DUPC010,2025-01-05 11:00:00,CO1,Alice Johnson,Web,Jonaathaan,Johnson,Jonathan Johnson,A001,ClearFlow,jonathan_johnson@clearflow.com,Engineering,555-0228,,555-0228,False,C1,System,M1,System,2025-01-05 12:00:00,Mr,,USD,1.0,2025-01-05 11:30:00,123 Main St,,Metropolis,,NY,,10001,,Main contact for AquaPure,L1,Default,Primary,,,Engineer,Engineer Lead,101,Active,DP1,Consent,Import,USA,,,,North,,2025-01-05,55,Google,7,2025-01-05,/home,2,3,2025-01-05 11:45:00,RelOwner1,Owner1,B2B,SegmentA,Yes,No,2025-01-05 12:00:00,Complete,NY HQ,Yes,No,Website signup,No,No,Tag1,ModuleX,CT001
C042,2025-01-05 11:00:00,CO1,Alice Johnson,Web,Mike,Smith,Mike Smith,A001,HydroTech,mike.smith@hydrotech.com,Engineering,555-0210,,555-0210,False,C1,System,M1,System,2025-01-05 12:00:00,Mr,,USD,1.0,2025-01-05 11:30:00,123 Main St,,Metropolis,,NY,,10001,,Main contact for AquaPure,L1,Default,Primary,,,Engineer,Engineer Lead,101,Active,DP1,Consent,Import,USA,,,,North,,2025-01-05,55,Google,7,2025-01-05,/home,2,3,2025-01-05 11:45:00,RelOwner1,Owner1,B2B,SegmentA,Yes,No,2025-01-05 12:00:00,Complete,NY HQ,Yes,No,Website signup,No,No,Tag1,ModuleX,CT001
C059,2025-01-05 11:00:00,CO1,Alice Johnson,Web,Sarah,Smith,Sarah Smith,A001,WaterWorks,sarah.smith@waterworks.com,Engineering,555-0219,,555-0219,False,C1,System,M1,System,2025-01-05 12:00:00,Mr,,USD,1.0,2025-01-05 11:30:00,123 Main St,,Metropolis,,NY,,10001,,Main contact for AquaPure,L1,Default,Primary,,,Engineer,Engineer Lead,101,Active,DP1,Consent,Import,USA,,,,North,,2025-01-05,55,Google,7,2025-01-05,/home,2,3,2025-01-05 11:45:00,RelOwner1,Owner1,B2B,SegmentA,Yes,No,2025-01-05 12:00:00,Complete,NY HQ,Yes,No,Website signup,No,No,Tag1,ModuleX,CT001
C049,2025-01-05 11:00:00,CO1,Alice Johnson,Web,John,Johnson,John Johnson,A001,HydroTech,john.johnson@hydrotech.com,Engineering,555-0211,,555-0211,False,C1,System,M1,System,2025-01-05 12:00:00,Mr,,USD,1.0,2025-01-05 11:30:00,123 Main St,,Metropolis,,NY,,10001,,Main contact for AquaPure,L1,Default,Primary,,,Engineer,Engineer Lead,101,Active,DP1,Consent,Import,USA,,,,North,,2025-01-05,55,Google,7,2025-01-05,/home,2,3,2025-01-05 11:45:00,RelOwner1,Owner1,B2B,SegmentA,Yes,No,2025-01-05 12:00:00,Complete,NY HQ,Yes,No,Website signup,No,No,Tag1,ModuleX,CT001
DUPC029,2025-01-05 11:00:00,CO1,Alice Johnson,Web,Saaraah,Williams,Sarah Williams,A001,HydroTech,sarah_williams@hydrotech.com,Engineering,555-0237,,555-0237,False,C1,System,M1,System,2025-01-05 12:00:00,Mr,,USD,1.0,2025-01-05 11:30:00,123 Main St,,Metropolis,,NY,,10001,,Main contact for AquaPure,L1,Default,Primary,,,Engineer,Engineer Lead,101,Active,DP1,Consent,Import,USA,,,,North,,2025-01-05,55,Google,7,2025-01-05,/home,2,3,2025-01-05 11:45:00,RelOwner1,Owner1,B2B,SegmentA,Yes,No,2025-01-05 12:00:00,Complete,NY HQ,Yes,No,Website signup,No,No,Tag1,ModuleX,CT001
C058,2025-01-05 11:00:00,CO1,Alice Johnson,Web,Mike,Smith,Mike Smith,A001,ClearFlow,mike.smith@clearflow.com,Engineering,555-0287,,555-0287,False,C1,System,M1,System,2025-01-05 12:00:00,Mr,,USD,1.0,2025-01-05 11:30:00,123 Main St,,Metropolis,,NY,,10001,,Main contact for AquaPure,L1,Default,Primary,,,Engineer,Engineer Lead,101,Active,DP1,Consent,Import,USA,,,,North,,2025-01-05,55,Google,7,2025-01-05,/home,2,3,2025-01-05 11:45:00,RelOwner1,Owner1,B2B,SegmentA,Yes,No,2025-01-05 12:00:00,Complete,NY HQ,Yes,No,Website signup,No,No,Tag1,ModuleX,CT001
DUPC006,2025-01-05 11:00:00,CO1,Alice Johnson,Web,Micheaal,Williams,Micheal Williams,A001,AquaPure Inc,micheal_williams@aquapureinc.com,Engineering,555-0277,,555-0277,False,C1,System,M1,System,2025-01-05 12:00:00,Mr,,USD,1.0,2025-01-05 11:30:00,123 Main St,,Metropolis,,NY,,10001,,Main contact for AquaPure,L1,Default,Primary,,,Engineer,Engineer Lead,101,Active,DP1,Consent,Import,USA,,,,North,,2025-01-05,55,Google,7,2025-01-05,/home,2,3,2025-01-05 11:45:00,RelOwner1,Owner1,B2B,SegmentA,Yes,No,2025-01-05 12:00:00,Complete,NY HQ,Yes,No,Website signup,No,No,Tag1,ModuleX,CT001
C033,2025-01-05 11:00:00,CO1,Alice Johnson,Web,Mike,Williams,Mike Williams,A001,HydroTech,mike.williams@hydrotech.com,Engineering,555-0215,,555-0215,False,C1,System,M1,System,2025-01-05 12:00:00,Mr,,USD,1.0,2025-01-05 11:30:00,123 Main St,,Metropolis,,NY,,10001,,Main contact for AquaPure,L1,Default,Primary,,,Engineer,Engineer Lead,101,Active,DP1,Consent,Import,USA,,,,North,,2025-01-05,55,Google,7,2025-01-05,/home,2,3,2025-01-05 11:45:00,RelOwner1,Owner1,B2B,SegmentA,Yes,No,2025-01-05 12:00:00,Complete,NY HQ,Yes,No,Website signup,No,No,Tag1,ModuleX,CT001
DUPC025,2025-01-05 11:00:00,CO1,Alice Johnson,Web,Seraa,Smith,Sera Smith,A001,HydroTech,sera_smith@hydrotech.com,Engineering,555-0222,,555-0222,False,C1,System,M1,System,2025-01-05 12:00:00,Mr,,USD,1.0,2025-01-05 11:30:00,123 Main St,,Metropolis,,NY,,10001,,Main contact for AquaPure,L1,Default,Primary,,,Engineer,Engineer Lead,101,Active,DP1,Consent,Import,USA,,,,North,,2025-01-05,55,Google,7,2025-01-05,/home,2,3,2025-01-05 11:45:00,RelOwner1,Owner1,B2B,SegmentA,Yes,No,2025-01-05 12:00:00,Complete,NY HQ,Yes,No,Website signup,No,No,Tag1,ModuleX,CT001
C060,2025-01-05 11:00:00,CO1,Alice Johnson,Web,Mike,Smyth,Mike Smyth,A001,HydroTech,mike.smyth@hydrotech.com,Engineering,555-0224,,555-0224,False,C1,System,M1,System,2025-01-05 12:00:00,Mr,,USD,1.0,2025-01-05 11:30:00,123 Main St,,Metropolis,,NY,,10001,,Main contact for AquaPure,L1,Default,Primary,,,Engineer,Engineer Lead,101,Active,DP1,Consent,Import,USA,,,,North,,2025-01-05,55,Google,7,2025-01-05,/home,2,3,2025-01-05 11:45:00,RelOwner1,Owner1,B2B,SegmentA,Yes,No,2025-01-05 12:00:00,Complete,NY HQ,Yes,No,Website signup,No,No,Tag1,ModuleX,CT001
C064,2025-01-05 11:00:00,CO1,Alice Johnson,Web,Jonathan,Smyth,Jonathan Smyth,A001,HydroTech,jonathan.smyth@hydrotech.com,Engineering,555-0296,,555-0296,False,C1,System,M1,System,2025-01-05 12:00:00,Mr,,USD,1.0,2025-01-05 11:30:00,123 Main St,,Metropolis,,NY,,10001,,Main contact for AquaPure,L1,Default,Primary,,,Engineer,Engineer Lead,101,Active,DP1,Consent,Import,USA,,,,North,,2025-01-05,55,Google,7,2025-01-05,/home,2,3,2025-01-05 11:45:00,RelOwner1,Owner1,B2B,SegmentA,Yes,No,2025-01-05 12:00:00,Complete,NY HQ,Yes,No,Website signup,No,No,Tag1,ModuleX,CT001
DUPC015,2025-01-05 11:00:00,CO1,Alice Johnson,Web,Johnh,Johnson,John Johnson,A001,ClearFlow,john_johnson@clearflow.com,Engineering,555-0298,,555-0298,False,C1,System,M1,System,2025-01-05 12:00:00,Mr,,USD,1.0,2025-01-05 11:30:00,123 Main St,,Metropolis,,NY,,10001,,Main contact for AquaPure,L1,Default,Primary,,,Engineer,Engineer Lead,101,Active,DP1,Consent,Import,USA,,,,North,,2025-01-05,55,Google,7,2025-01-05,/home,2,3,2025-01-05 11:45:00,RelOwner1,Owner1,B2B,SegmentA,Yes,No,2025-01-05 12:00:00,Complete,NY HQ,Yes,No,Website signup,No,No,Tag1,ModuleX,CT001
C038,2025-01-05 11:00:00,CO1,Alice Johnson,Web,Sarah,Smyth,Sarah Smyth,A001,WaterWorks,sarah.smyth@waterworks.com,Engineering,555-0227,,555-0227,False,C1,System,M1,System,2025-01-05 12:00:00,Mr,,USD,1.0,2025-01-05 11:30:00,123 Main St,,Metropolis,,NY,,10001,,Main contact for AquaPure,L1,Default,Primary,,,Engineer,Engineer Lead,101,Active,DP1,Consent,Import,USA,,,,North,,2025-01-05,55,Google,7,2025-01-05,/home,2,3,2025-01-05 11:45:00,RelOwner1,Owner1,B2B,SegmentA,Yes,No,2025-01-05 12:00:00,Complete,NY HQ,Yes,No,Website signup,No,No,Tag1,ModuleX,CT001
C030,2025-01-05 11:00:00,CO1,Alice Johnson,Web,Sara,Johnson,Sara Johnson,A001,BlueRiver,sara.johnson@blueriver.com,Engineering,555-0264,,555-0264,False,C1,System,M1,System,2025-01-05 12:00:00,Mr,,USD,1.0,2025-01-05 11:30:00,123 Main St,,Metropolis,,NY,,10001,,Main contact for AquaPure,L1,Default,Primary,,,Engineer,Engineer Lead,101,Active,DP1,Consent,Import,USA,,,,North,,2025-01-05,55,Google,7,2025-01-05,/home,2,3,2025-01-05 11:45:00,RelOwner1,Owner1,B2B,SegmentA,Yes,No,2025-01-05 12:00:00,Complete,NY HQ,Yes,No,Website signup,No,No,Tag1,ModuleX,CT001
C002,2025-01-05 11:00:00,CO1,Alice Johnson,Web,Sera,Smyth,Sera Smyth,A001,BlueRiver,sera.smyth@blueriver.com,Engineering,555-0297,,555-0297,False,C1,System,M1,System,2025-01-05 12:00:00,Mr,,USD,1.0,2025-01-05 11:30:00,123 Main St,,Metropolis,,NY,,10001,,Main contact for AquaPure,L1,Default,Primary,,,Engineer,Engineer Lead,101,Active,DP1,Consent,Import,USA,,,,North,,2025-01-05,55,Google,7,2025-01-05,/home,2,3,2025-01-05 11:45:00,RelOwner1,Owner1,B2B,SegmentA,Yes,No,2025-01-05 12:00:00,Complete,NY HQ,Yes,No,Website signup,No,No,Tag1,ModuleX,CT001
C053,2025-01-05 11:00:00,CO1,Alice Johnson,Web,Sara,Smith,Sara Smith,A001,BlueRiver,sara.smith@blueriver.com,Engineering,555-0233,,555-0233,False,C1,System,M1,System,2025-01-05 12:00:00,Mr,,USD,1.0,2025-01-05 11:30:00,123 Main St,,Metropolis,,NY,,10001,,Main contact for AquaPure,L1,Default,Primary,,,Engineer,Engineer Lead,101,Active,DP1,Consent,Import,USA,,,,North,,2025-01-05,55,Google,7,2025-01-05,/home,2,3,2025-01-05 11:45:00,RelOwner1,Owner1,B2B,SegmentA,Yes,No,2025-01-05 12:00:00,Complete,NY HQ,Yes,No,Website signup,No,No,Tag1,ModuleX,CT001
C022,2025-01-05 11:00:00,CO1,Alice Johnson,Web,John,Wiliams,John Wiliams,A001,ClearFlow,john.wiliams@clearflow.com,Engineering,555-0249,,555-0249,False,C1,System,M1,System,2025-01-05 12:00:00,Mr,,USD,1.0,2025-01-05 11:30:00,123 Main St,,Metropolis,,NY,,10001,,Main contact for AquaPure,L1,Default,Primary,,,Engineer,Engineer Lead,101,Active,DP1,Consent,Import,USA,,,,North,,2025-01-05,55,Google,7,2025-01-05,/home,2,3,2025-01-05 11:45:00,RelOwner1,Owner1,B2B,SegmentA,Yes,No,2025-01-05 12:00:00,Complete,NY HQ,Yes,No,Website signup,No,No,Tag1,ModuleX,CT001
C003,2025-01-05 11:00:00,CO1,Alice Johnson,Web,Jon,Smith,Jon Smith,A001,ClearFlow,jon.smith@clearflow.com,Engineering,555-0243,,555-0243,False,C1,System,M1,System,2025-01-05 12:00:00,Mr,,USD,1.0,2025-01-05 11:30:00,123 Main St,,Metropolis,,NY,,10001,,Main contact for AquaPure,L1,Default,Primary,,,Engineer,Engineer Lead,101,Active,DP1,Consent,Import,USA,,,,North,,2025-01-05,55,Google,7,2025-01-05,/home,2,3,2025-01-05 11:45:00,RelOwner1,Owner1,B2B,SegmentA,Yes,No,2025-01-05 12:00:00,Complete,NY HQ,Yes,No,Website signup,No,No,Tag1,ModuleX,CT001
C024,2025-01-05 11:00:00,CO1,Alice Johnson,Web,Mike,Williams,Mike Williams,A001,WaterWorks,mike.williams@waterworks.com,Engineering,555-0293,,555-0293,False,C1,System,M1,System,2025-01-05 12:00:00,Mr,,USD,1.0,2025-01-05 11:30:00,123 Main St,,Metropolis,,NY,,10001,,Main contact for AquaPure,L1,Default,Primary,,,Engineer,Engineer Lead,101,Active,DP1,Consent,Import,USA,,,,North,,2025-01-05,55,Google,7,2025-01-05,/home,2,3,2025-01-05 11:45:00,RelOwner1,Owner1,B2B,SegmentA,Yes,No,2025-01-05 12:00:00,Complete,NY HQ,Yes,No,Website signup,No,No,Tag1,ModuleX,CT001
DUPC018,2025-01-05 11:00:00,CO1,Alice Johnson,Web,Mike,Smiith,Mike Smith,A001,ClearFlow,mike_smith@clearflow.com,Engineering,555-0287,,555-0287,False,C1,System,M1,System,2025-01-05 12:00:00,Mr,,USD,1.0,2025-01-05 11:30:00,123 Main St,,Metropolis,,NY,,10001,,Main contact for AquaPure,L1,Default,Primary,,,Engineer,Engineer Lead,101,Active,DP1,Consent,Import,USA,,,,North,,2025-01-05,55,Google,7,2025-01-05,/home,2,3,2025-01-05 11:45:00,RelOwner1,Owner1,B2B,SegmentA,Yes,No,2025-01-05 12:00:00,Complete,NY HQ,Yes,No,Website signup,No,No,Tag1,ModuleX,CT001
DUPC022,2025-01-05 11:00:00,CO1,Alice Johnson,Web,Michaael,Jonson,Michael Jonson,A001,AquaPure Inc,michael_jonson@aquapureinc.com,Engineering,555-0276,,555-0276,False,C1,System,M1,System,2025-01-05 12:00:00,Mr,,USD,1.0,2025-01-05 11:30:00,123 Main St,,Metropolis,,NY,,10001,,Main contact for AquaPure,L1,Default,Primary,,,Engineer,Engineer Lead,101,Active,DP1,Consent,Import,USA,,,,North,,2025-01-05,55,Google,7,2025-01-05,/home,2,3,2025-01-05 11:45:00,RelOwner1,Owner1,B2B,SegmentA,Yes,No,2025-01-05 12:00:00,Complete,NY HQ,Yes,No,Website signup,No,No,Tag1,ModuleX,CT001
DUPC005,2025-01-05 11:00:00,CO1,Alice Johnson,Web,Sara,Johnsons,Sara Johnson,A001,BlueRiver,sara_johnson@blueriver.com,Engineering,555-0264,,555-0264,False,C1,System,M1,System,2025-01-05 12:00:00,Mr,,USD,1.0,2025-01-05 11:30:00,123 Main St,,Metropolis,,NY,,10001,,Main contact for AquaPure,L1,Default,Primary,,,Engineer,Engineer Lead,101,Active,DP1,Consent,Import,USA,,,,North,,2025-01-05,55,Google,7,2025-01-05,/home,2,3,2025-01-05 11:45:00,RelOwner1,Owner1,B2B,SegmentA,Yes,No,2025-01-05 12:00:00,Complete,NY HQ,Yes,No,Website signup,No,No,Tag1,ModuleX,CT001
DUPC017,2025-01-05 11:00:00,CO1,Alice Johnson,Web,Michaael,Smyth,Michael Smyth,A001,ClearFlow,michael_smyth@clearflow.com,Engineering,555-0278,,555-0278,False,C1,System,M1,System,2025-01-05 12:00:00,Mr,,USD,1.0,2025-01-05 11:30:00,123 Main St,,Metropolis,,NY,,10001,,Main contact for AquaPure,L1,Default,Primary,,,Engineer,Engineer Lead,101,Active,DP1,Consent,Import,USA,,,,North,,2025-01-05,55,Google,7,2025-01-05,/home,2,3,2025-01-05 11:45:00,RelOwner1,Owner1,B2B,SegmentA,Yes,No,2025-01-05 12:00:00,Complete,NY HQ,Yes,No,Website signup,No,No,Tag1,ModuleX,CT001
DUPC013,2025-01-05 11:00:00,CO1,Alice Johnson,Web,Michaael,Williams,Michael Williams,A001,AquaPure Inc,michael_williams@aquapureinc.com,Engineering,555-0255,,555-0255,False,C1,System,M1,System,2025-01-05 12:00:00,Mr,,USD,1.0,2025-01-05 11:30:00,123 Main St,,Metropolis,,NY,,10001,,Main contact for AquaPure,L1,Default,Primary,,,Engineer,Engineer Lead,101,Active,DP1,Consent,Import,USA,,,,North,,2025-01-05,55,Google,7,2025-01-05,/home,2,3,2025-01-05 11:45:00,RelOwner1,Owner1,B2B,SegmentA,Yes,No,2025-01-05 12:00:00,Complete,NY HQ,Yes,No,Website signup,No,No,Tag1,ModuleX,CT001
C021,2025-01-05 11:00:00,CO1,Alice Johnson,Web,Micheal,Wiliams,Micheal Wiliams,A001,BlueRiver,micheal.wiliams@blueriver.com,Engineering,555-0231,,555-0231,False,C1,System,M1,System,2025-01-05 12:00:00,Mr,,USD,1.0,2025-01-05 11:30:00,123 Main St,,Metropolis,,NY,,10001,,Main contact for AquaPure,L1,Default,Primary,,,Engineer,Engineer Lead,101,Active,DP1,Consent,Import,USA,,,,North,,2025-01-05,55,Google,7,2025-01-05,/home,2,3,2025-01-05 11:45:00,RelOwner1,Owner1,B2B,SegmentA,Yes,No,2025-01-05 12:00:00,Complete,NY HQ,Yes,No,Website signup,No,No,Tag1,ModuleX,CT001
C061,2025-01-05 11:00:00,CO1,Alice Johnson,Web,Sera,Smith,Sera Smith,A001,HydroTech,sera.smith@hydrotech.com,Engineering,555-0222,,555-0222,False,C1,System,M1,System,2025-01-05 12:00:00,Mr,,USD,1.0,2025-01-05 11:30:00,123 Main St,,Metropolis,,NY,,10001,,Main contact for AquaPure,L1,Default,Primary,,,Engineer,Engineer Lead,101,Active,DP1,Consent,Import,USA,,,,North,,2025-01-05,55,Google,7,2025-01-05,/home,2,3,2025-01-05 11:45:00,RelOwner1,Owner1,B2B,SegmentA,Yes,No,2025-01-05 12:00:00,Complete,NY HQ,Yes,No,Website signup,No,No,Tag1,ModuleX,CT001
DUPC002,2025-01-05 11:00:00,CO1,Alice Johnson,Web,Saaraa,Johnson,Sara Johnson,A001,HydroTech,sara_johnson@hydrotech.com,Engineering,555-0272,,555-0272,False,C1,System,M1,System,2025-01-05 12:00:00,Mr,,USD,1.0,2025-01-05 11:30:00,123 Main St,,Metropolis,,NY,,10001,,Main contact for AquaPure,L1,Default,Primary,,,Engineer,Engineer Lead,101,Active,DP1,Consent,Import,USA,,,,North,,2025-01-05,55,Google,7,2025-01-05,/home,2,3,2025-01-05 11:45:00,RelOwner1,Owner1,B2B,SegmentA,Yes,No,2025-01-05 12:00:00,Complete,NY HQ,Yes,No,Website signup,No,No,Tag1,ModuleX,CT001
C015,2025-01-05 11:00:00,CO1,Alice Johnson,Web,Michael,Jonson,Michael Jonson,A001,ClearFlow,michael.jonson@clearflow.com,Engineering,555-0263,,555-0263,False,C1,System,M1,System,2025-01-05 12:00:00,Mr,,USD,1.0,2025-01-05 11:30:00,123 Main St,,Metropolis,,NY,,10001,,Main contact for AquaPure,L1,Default,Primary,,,Engineer,Engineer Lead,101,Active,DP1,Consent,Import,USA,,,,North,,2025-01-05,55,Google,7,2025-01-05,/home,2,3,2025-01-05 11:45:00,RelOwner1,Owner1,B2B,SegmentA,Yes,No,2025-01-05 12:00:00,Complete,NY HQ,Yes,No,Website signup,No,No,Tag1,ModuleX,CT001
DUPC023,2025-01-05 11:00:00,CO1,Alice Johnson,Web,Mikeh,Williams,Mike Williams,A001,WaterWorks,mike_williams@waterworks.com,Engineering,555-0211,,555-0211,False,C1,System,M1,System,2025-01-05 12:00:00,Mr,,USD,1.0,2025-01-05 11:30:00,123 Main St,,Metropolis,,NY,,10001,,Main contact for AquaPure,L1,Default,Primary,,,Engineer,Engineer Lead,101,Active,DP1,Consent,Import,USA,,,,North,,2025-01-05,55,Google,7,2025-01-05,/home,2,3,2025-01-05 11:45:00,RelOwner1,Owner1,B2B,SegmentA,Yes,No,2025-01-05 12:00:00,Complete,NY HQ,Yes,No,Website signup,No,No,Tag1,ModuleX,CT001
C052,2025-01-05 11:00:00,CO1,Alice Johnson,Web,John,Johnson,John Johnson,A001,ClearFlow,john.johnson@clearflow.com,Engineering,555-0298,,555-0298,False,C1,System,M1,System,2025-01-05 12:00:00,Mr,,USD,1.0,2025-01-05 11:30:00,123 Main St,,Metropolis,,NY,,10001,,Main contact for AquaPure,L1,Default,Primary,,,Engineer,Engineer Lead,101,Active,DP1,Consent,Import,USA,,,,North,,2025-01-05,55,Google,7,2025-01-05,/home,2,3,2025-01-05 11:45:00,RelOwner1,Owner1,B2B,SegmentA,Yes,No,2025-01-05 12:00:00,Complete,NY HQ,Yes,No,Website signup,No,No,Tag1,ModuleX,CT001
